,Support_Importance_0,Support_Coefficient_0,ADC_Importance_0,ADC_Coefficient_0,Middle_Importance_0,Middle_Coefficient_0,Jungle_Importance_0,Jungle_Coefficient_0,Top_Importance_0,Top_Coefficient_0,Support_Importance_1,Support_Coefficient_1,ADC_Importance_1,ADC_Coefficient_1,Middle_Importance_1,Middle_Coefficient_1,Jungle_Importance_1,Jungle_Coefficient_1,Top_Importance_1,Top_Coefficient_1,Support_Importance_2,Support_Coefficient_2,ADC_Importance_2,ADC_Coefficient_2,Middle_Importance_2,Middle_Coefficient_2,Jungle_Importance_2,Jungle_Coefficient_2,Top_Importance_2,Top_Coefficient_2,Support_Importance_3,Support_Coefficient_3,ADC_Importance_3,ADC_Coefficient_3,Middle_Importance_3,Middle_Coefficient_3,Jungle_Importance_3,Jungle_Coefficient_3,Top_Importance_3,Top_Coefficient_3,Support_Importance_4,Support_Coefficient_4,ADC_Importance_4,ADC_Coefficient_4,Middle_Importance_4,Middle_Coefficient_4,Jungle_Importance_4,Jungle_Coefficient_4,Top_Importance_4,Top_Coefficient_4,Support_Importance_5,Support_Coefficient_5,ADC_Importance_5,ADC_Coefficient_5,Middle_Importance_5,Middle_Coefficient_5,Jungle_Importance_5,Jungle_Coefficient_5,Top_Importance_5,Top_Coefficient_5,Support_Importance_6,Support_Coefficient_6,ADC_Importance_6,ADC_Coefficient_6,Middle_Importance_6,Middle_Coefficient_6,Jungle_Importance_6,Jungle_Coefficient_6,Top_Importance_6,Top_Coefficient_6,Support_Importance_7,Support_Coefficient_7,ADC_Importance_7,ADC_Coefficient_7,Middle_Importance_7,Middle_Coefficient_7,Jungle_Importance_7,Jungle_Coefficient_7,Top_Importance_7,Top_Coefficient_7,Support_Importance_8,Support_Coefficient_8,ADC_Importance_8,ADC_Coefficient_8,Middle_Importance_8,Middle_Coefficient_8,Jungle_Importance_8,Jungle_Coefficient_8,Top_Importance_8,Top_Coefficient_8,Support_Importance_9,Support_Coefficient_9,ADC_Importance_9,ADC_Coefficient_9,Middle_Importance_9,Middle_Coefficient_9,Jungle_Importance_9,Jungle_Coefficient_9,Top_Importance_9,Top_Coefficient_9,Support_Avg_Coefficient,ADC_Avg_Coefficient,Middle_Avg_Coefficient,Jungle_Avg_Coefficient,Top_Avg_Coefficient,Support_Avg_Importance,ADC_Avg_Importance,Middle_Avg_Importance,Jungle_Avg_Importance,Top_Avg_Importance
EGPM,0.5914394097122122,9.525662730105779,0.20173263492543492,22.819548149304527,0.040858363306952146,18.50525676830624,0.19594296449152285,14.137013892391847,0.21519817773577793,13.815923237582759,0.6003266181605521,6.558844428124913,0.20042503535994421,22.137597133266347,0.043193702525308006,18.163052639674593,0.19912755671080823,15.679063195782673,0.20728520512456544,15.449876328082619,0.5921697587678872,8.854712132509807,0.2090366436607161,17.550539864657846,0.04220532731371603,19.104880490787444,0.21877094698161278,13.772230756444422,0.20697059318788605,9.649632006479209,0.5925458620544355,8.177602134798503,0.19252085533103455,21.573456183270086,0.04201138727247873,16.304598512238297,0.20880271822223212,15.638876404917427,0.20775456977404033,14.572509055334118,0.5930854836244104,9.418075118320127,0.19243556174561202,24.816334103890586,0.040528081166677776,18.15843426397816,0.2184489101758562,13.923628039052288,0.21490389480071895,14.244951426470983,0.5913972958158487,8.772544860417677,0.20579899916930763,24.85146546912643,0.03940749720045027,16.66749236662413,0.2139536531730715,14.486829363086404,0.2090371092952209,13.180109245422406,0.5932556482000276,8.405053325449225,0.19370859248616726,20.47878443771379,0.040641409028149486,17.561555028209515,0.19374685612341816,15.324676409155447,0.20055761139110834,10.83904563366432,0.5920352363726898,11.881240241890668,0.1988978824729806,23.637006883217584,0.0398687925720899,19.13062820179729,0.21574004335916575,15.955879219872878,0.20860259294311193,13.766362951194706,0.59883390405006,8.855251637220793,0.19876225077934961,23.652628525084577,0.03849229722693615,15.441749944112772,0.22053191939453526,14.469959488304827,0.2091438291862135,15.11033727230211,0.5933211429369034,10.90164401171209,0.18294759809447403,23.8298476230062,0.04246021432105705,16.97466201602192,0.21230634883719537,15.267160174506186,0.20698713131060964,15.125042002223404,9.135063062054957,22.534720837253797,17.601231023175036,14.865531694351441,13.575378915875664,0.5938410359695027,0.19762660540250207,0.040966707193381566,0.2097371917469418,0.2086440714749253
A,0.18647999618626276,11.344389601884265,0.06768136239972063,3.897026777628492,0.29139821652539644,7.579062993164228,0.4344887500727306,6.080659642042518,0.33010461775523225,6.113103237829838,0.1772268227186924,13.694556471733144,0.06781295041601679,6.028309075733884,0.28122394192217853,5.295111875720672,0.43433816447490753,5.519182984401691,0.3495803353560207,6.589659575788283,0.18264114331647205,10.447656604450039,0.07649105150193553,9.532954292387561,0.2675863224120452,3.287703637456819,0.4227257953915969,7.818503702017588,0.33354629707772554,11.591447289019113,0.180316686741511,9.159546100130475,0.0736820401851519,5.010638002626271,0.2822650496512692,3.65070326020173,0.4321322338747264,5.381261383492755,0.34543119020175406,6.445011209605461,0.182049903179826,10.25833995889286,0.07595446494943736,5.794067000146321,0.2667691672158453,4.256394078544478,0.4209159151648669,6.876977974932406,0.34018279084711467,5.792754946943001,0.1828065761078526,10.685128259574387,0.07072813721429892,3.7552209506538436,0.2797097473987424,2.3040137246068557,0.4232091621432363,7.379325498829981,0.33514203317403923,5.794792190873038,0.18498442307192445,10.100813645510552,0.07764483324705722,4.030784819749491,0.27636306607654865,6.261277061241014,0.4419084766974388,3.275594734236982,0.34519580824960644,7.6218312022915855,0.18280596986865266,9.843819744460859,0.06671448786130198,4.1585853582789785,0.28844987874202893,3.370783475797533,0.4291736488736264,6.232115450853467,0.3393073276206158,5.34982613496014,0.17937328384238604,10.789065064010336,0.07429951140489695,4.539101229130799,0.29040784794935387,5.802319808857726,0.41754027201466803,7.758625240518896,0.3498783093455981,6.491963758623621,0.1817851252537208,11.009687533916527,0.07468961522051316,6.153537660578902,0.29052498020208134,4.6910181852332276,0.4340077370807264,6.415818347135581,0.33301793939515956,7.688722194302946,10.733300298456346,5.290022516691454,4.649838810082428,6.273806495846186,6.947911174023703,0.18204699302873006,0.07256984544003306,0.28146982180954894,0.42904401557885236,0.3401386649022866
D,0.03254925601308805,-16.893374979420255,0.2433514906554156,-9.628927165232563,0.06940296697595823,-12.835346572136922,0.054882483968660085,-9.18507610945093,0.09352700227272147,-10.029955186093536,0.030935239247002026,-18.178854864999956,0.23824912943781956,-9.291740792532929,0.06993100950304477,-14.132444964154539,0.05525644581015843,-10.670210294619771,0.09034605405729006,-10.403018038095631,0.03313006021942285,-17.048340652076668,0.23628069060705895,-7.64838019151425,0.0695365563600301,-13.954073422190616,0.056420010604000634,-10.632697929208542,0.09836673633164532,-11.406969908151655,0.03329416185722558,-14.114067075647371,0.2424034552175026,-9.463031639348987,0.07538592428274046,-12.852622038472223,0.05745100946266969,-9.568089003427804,0.09626736806667048,-11.697598486966442,0.032001335271330256,-15.986346848344631,0.25609432925236736,-9.615801848643116,0.06973157263857936,-14.566991523920345,0.0495459096186389,-10.415174113719333,0.09132062412130289,-10.054582835080174,0.03237039385346975,-16.423262907098138,0.2268310403289401,-9.154482839995985,0.06669359916293532,-13.678988103373944,0.06104639396307153,-11.656558143032006,0.09278633461339432,-10.114840835506005,0.030276612729496652,-17.11557011064059,0.24164793084464842,-9.634061051812466,0.08156112370643125,-12.388662673126442,0.05743067144283986,-10.242163134985315,0.09314195546742457,-11.343132236338137,0.03670982375191384,-16.232737960636687,0.23078087024609983,-9.712157314437581,0.07397186583002956,-14.90211310915536,0.05128242914136107,-10.72528464439928,0.09265622418453053,-10.914196465788155,0.03195007981254888,-15.205569970275752,0.24131069133929925,-9.295581001200667,0.0667059828583369,-12.994852542927555,0.0555728388749723,-10.47292886165663,0.09220197730076092,-9.30066679715789,0.033729062666515056,-14.846458670882479,0.2464643895551397,-9.376974250379575,0.06848432560531822,-13.352379597829614,0.05933733147852416,-11.534425368709996,0.09387232977031956,-10.583785841813599,-16.204458404002253,-9.282113809509811,-13.565847454728758,-10.51026076032096,-10.584874663099122,0.032694602542201294,0.24034140174842916,0.07114049269234042,0.05582255243648967,0.09344866061860602
STL,0.021527001606660587,-0.07771456548625122,0.0045099482702670845,0.7403549042869901,0.004372141842680538,-0.3333288749239831,0.013184647934646828,0.4144451473655406,0.0052332163421518465,-0.5204421437988802,0.023738958409218497,-0.20182645079071015,0.004338238514691678,-0.05524999681741939,0.004955775717993766,-0.08987318116587772,0.012952842176263841,-0.7977033691784147,0.008408110106947468,-0.5849116661619358,0.023257304709711452,-0.30174911486450884,0.00425972456737776,0.44693477388766256,0.005744372542290038,-0.8513327775685114,0.014390623874113162,0.2564625978344707,0.006648451067063557,-0.4389911521552323,0.023565754287129873,0.1591788577689463,0.004810426816248469,0.3714158659889192,0.004863899775657661,-0.6245999531846077,0.01314438702047632,-0.010754446080796676,0.0042717869997693425,-0.08988712991420855,0.023854741236168542,0.07960437769232143,0.004329818097412408,0.07289219061283694,0.0045377328449306585,-0.3463614683276004,0.012800509692277117,0.09586380517468618,0.007944060458938864,-0.4081399553909364,0.024204273741745705,0.007596665063248603,0.004865763697744995,1.1106848804525173,0.004784733760186215,-0.2716118688432995,0.01257583651797059,-0.37249951029359674,0.005200612589932149,-0.604857425572569,0.0220179347730222,-0.054055961749373826,0.004089391535021502,-0.26662235565027814,0.004906782893682207,-0.6647841178282781,0.013430669477087293,-0.315179491120988,0.005422740174886718,0.23797031753615416,0.02200020819298647,0.040258796405154285,0.0045600232389654645,0.22832547250918306,0.005542327192092953,-0.40969668554251315,0.012214744951144049,0.8416693327515484,0.007916626330650097,-0.6075812234357996,0.021859060860744933,-0.08907682501485636,0.005047610610540193,0.15808052892520397,0.0049099233759561465,-0.48524470283292254,0.011966091971486,0.4523100323404263,0.00560080653136793,-0.7481494806834831,0.024506366757638,-0.15307353793828438,0.004134873488482907,0.6258309752470288,0.0043312221679970035,-0.44421174403546937,0.013226323463988542,0.17016073344426585,0.005105857663136586,-0.6137096383356515,-0.05908577589143142,0.34326472394426455,-0.4521045374253063,0.0734774832237142,-0.43786994979125426,0.023053160457502626,0.004494581883675246,0.004894891211346718,0.012988667707945375,0.006175226826484456
KS%,0.01980626014704375,13.028500973493546,0.007378284596220813,-0.05735052467204628,0.010820336082929358,5.354418159865643,0.00415351403635819,5.1126726564559375,0.010208381384565689,2.608194990422181,0.017637706044687135,12.402274989030127,0.008057230041041261,0.5914036832321065,0.010492716880629707,2.0631505127709153,0.004185803611813825,5.484546744409303,0.010055822254129385,3.15324279539179,0.01656508031005398,12.675555027127697,0.007624735181366643,3.1910565924208516,0.010327409719671863,0.07498340919710132,0.004788945744152938,8.233149617669778,0.011275356130414338,6.05355162212373,0.017343967142550407,7.7674938402772735,0.007861386182953959,-0.6014181227946075,0.011448953125451307,-0.4418154662894707,0.0037126098724637796,7.039552947352565,0.01036416375913537,2.4935417475743185,0.019729502869511615,12.13351190869931,0.008172817237518896,0.03862397082471495,0.010537923114201127,0.9464009615510958,0.004596703125001209,7.486962182534758,0.009528414356083632,0.8086784795588415,0.01876740723683086,10.890096057564095,0.007381904412690067,-1.7967943071963486,0.010820133958500858,-1.9721820170045805,0.0048332835956451554,11.94882265323026,0.010252845729237547,0.2565060510471242,0.01680039191690925,10.689055867552861,0.006775171464646451,-1.1070456948711003,0.012168247325289075,3.534720788393059,0.004214623365130452,2.490520700433894,0.010137176897929506,0.7012799117168897,0.015111944105926417,11.236673798029232,0.007242461021697612,-1.552055987490794,0.010677766853960668,0.20971887054326277,0.004637890266298212,6.94108024262184,0.010145374675654817,0.8402013311340665,0.018515081346556765,9.159813529531897,0.00825743756669445,-0.5808842018034445,0.010918836880545915,0.7527829150915204,0.004834973499308782,8.67576669252755,0.010090590217517374,3.2572188491627445,0.018048167169228576,13.028336432637992,0.007726978402330377,0.3104477441008278,0.009782677506334941,2.486519814296439,0.0050797640442128795,8.05654796333277,0.009834139930927391,3.154265767177389,11.301131242394405,-0.156401684824984,1.3008697948414987,7.146962240056865,2.3326681545309076,0.01783255082892988,0.007647840610716053,0.010799500144751482,0.0045038111160385415,0.010189226533559506
KP,0.013311409562368605,-7.530715529360343,0.007371184593995413,-0.730780921465378,0.008579772241068002,-6.074852383786194,0.01826487561298965,-2.656962097175558,0.023292332244167248,-6.743041559788927,0.012496699409727176,-6.889804538540959,0.007549775934460595,-2.261235428704687,0.008022919777988927,-4.2708213138746185,0.019302896199479058,-1.1574479756189113,0.02376439060729383,-5.88708405724869,0.012516899839501387,-7.2253308928532824,0.007783808359787797,-4.011480464774486,0.008191110818668176,-2.6771939273031156,0.017194920240915793,-2.7535109507916338,0.021119355520620192,-9.310865645190209,0.01242524539168712,-6.495350192846555,0.007221905612604376,-1.1314811380167449,0.0074656602774762675,-2.881133800315471,0.020390680229130684,-1.7287601820009346,0.022924571305068094,-5.618248791813296,0.011550584690022426,-6.297568478509274,0.0070844307860261704,-1.5177101072458035,0.007763230457359971,-3.6722530387109558,0.020364753008178967,-2.46984894721087,0.023200612889644926,-4.682810589450472,0.014295633798393796,-8.071695914034475,0.007095425197448056,-1.0500972723420203,0.007890691825524812,-2.2112710526557064,0.0189265474419229,-3.4734648849240237,0.02197645540694158,-4.434966730744401,0.012640756779877237,-7.529973484408798,0.0076983311780624685,-1.1382962735995483,0.007525854954715418,-4.868282330751038,0.018478638672449324,-0.9231572294652983,0.024072110827682815,-6.230557975050798,0.012334641769751811,-6.701997990875874,0.006944022459584571,-1.1583267532516797,0.007641045569219216,-3.1267500714418093,0.019115976940556827,-2.3642358557344103,0.02465563486357583,-4.400999090809104,0.012274549942458222,-6.955889034152421,0.007112771458032766,-1.329336144968556,0.007972579716370854,-3.267445812397382,0.018009814014243963,-3.230228353232973,0.022161841053783302,-6.011265883419956,0.013881555167533062,-6.640746769965063,0.007175662532247337,-2.1423157545139766,0.006960587029924556,-4.039618363404452,0.019275439742502818,-2.500407624657921,0.02313990378338658,-6.157835768915301,-7.033907282554705,-1.6471060258882884,-3.7089622094640737,-2.3258024100812538,-5.947767609243114,0.012772797635132085,0.007303731811224956,0.0078013452668316205,0.018932454210236996,0.02303072085021644
K,0.013192449249356019,-11.55291784367548,0.2784670614353337,1.3024295913671136,0.19756142300627655,-7.0289717368844,0.00683013358573882,-0.8949424513415947,0.054636173036698085,-0.7980793298551969,0.012640619922601815,-10.314632818202895,0.27705791488263365,1.4260181548171715,0.20300508490783445,-3.279523194924206,0.006603588372206131,-0.29508201482713137,0.057150314419994366,-0.942951249441832,0.013691251093873893,-8.096081988258717,0.27159990236398035,0.4017871128188748,0.21105457449534853,-2.435207835378185,0.005761010960180857,-1.5317384408366976,0.06104057319621065,-1.54737913927254,0.01303708062936302,-4.706172650875004,0.27581376297204446,2.236462406297857,0.20814640734218245,0.0353119915059561,0.006786596255030094,-0.13370872523588861,0.0664787845068368,0.4494578374747489,0.011418079205721608,-10.1539035157502,0.26890730714740596,0.4707200172609767,0.22154709872852757,-3.0286564835302165,0.007375696068584832,-0.8935669301370641,0.05362757419250487,1.5159607707176077,0.013775788842676768,-6.157378449488314,0.28420994639288744,2.406499771427722,0.19663145819651298,-2.040611232179109,0.005528445862268782,-4.365702873504952,0.0580526256716508,1.6705557166438245,0.014976226874197677,-8.834517493593353,0.2796382638667859,2.656910344317991,0.21681277334280144,-3.4959540250882197,0.005718745534182394,1.2465946720879462,0.05533816671371832,3.773461384651899,0.012148684107219324,-9.155324273645794,0.2961669511608701,2.951402257094042,0.2060733604839485,-2.3707105735884433,0.005984973188234631,-1.035378336753955,0.058502253837107825,1.507494671619992,0.013370965827591437,-7.934215381713436,0.2785388827743639,1.8917503755500373,0.21480367566189093,-1.957402480698645,0.007380513644105948,-1.4866532932988,0.05373290640572154,-1.0548347844612103,0.012513862964551013,-11.011786022861681,0.28769456915390945,1.2334132230546633,0.20112207839260052,-3.0810006416649696,0.008138750632305826,-1.5889111674762848,0.06290320808638492,-1.0667995498872918,-8.791693043806486,1.697739325400645,-2.868272621243044,-1.0979089561324422,0.3506886328190001,0.013076500871715257,0.2798094562150215,0.20767579345579237,0.0066108454102838336,0.05814625800668283
CTR%,0.01316734740026221,0.6152245204460791,0.006935318542445577,2.042430100193232,0.009531518069915661,2.0765800011818154,0.006088405264834307,-0.40436002473818794,0.009543027006005551,0.8837980074363206,0.012121416074525012,0.7359515006513729,0.007149629574103611,2.0430282925602756,0.008525076664542396,1.1480337386710215,0.006108910835306267,-0.08563264239267325,0.010315256346504487,0.16116404545762064,0.011983458531863401,0.7915287637553894,0.006412595817126953,0.7246161118898359,0.00876725616929806,1.2688615054914851,0.00554549659719879,-0.5115059178756288,0.00963538571683222,0.6958136607617729,0.012996605244960017,0.344598974369835,0.007239480570507512,1.6709361203967523,0.007713863563457079,0.8416788178729943,0.006204084326772054,-0.3275804907442917,0.009018658809266845,0.8238977878960884,0.012907870315059793,1.2287215648593353,0.007295819556834538,2.253662205818518,0.008488543534277013,2.165867599879627,0.006711707417088365,-1.3104883118299633,0.008992893108411464,1.3914541737636144,0.013061222482545494,0.14846811873592217,0.007804375266026399,2.144269127613801,0.008733026664783875,1.8505921263632148,0.006276564011203245,-0.5380564895055127,0.011740326930674514,0.3190521546283358,0.011668670434006817,-0.24484090951649196,0.007724424758961581,2.262499652409917,0.008787110641407823,0.8187441184818397,0.006276934080139494,-0.6093251775490116,0.009752638357536307,0.2973870341026392,0.014019890170886186,0.700465782934939,0.00722360516302123,1.9060178860736248,0.008201801851985522,1.9300831458491836,0.00567455523884769,-0.5035070370608974,0.009836307677502277,0.7131763228961409,0.013772579000626782,1.2094524396627728,0.007223173903283042,2.3112732921482357,0.008820787037983465,1.509615745788023,0.006034307969940497,-0.6890487378614788,0.009319373694261461,0.802670479569443,0.01328131140998098,0.9432842865929465,0.006972153384229488,1.8422611006359482,0.008895692104329472,1.2920370381222377,0.006114518401059233,-0.26763747334971694,0.00879921028815323,0.44232348465216886,0.6472855042492102,1.9200993889740139,1.4902093837701442,-0.5247142302907363,0.6530737151164144,0.01289803710647167,0.007198057653653993,0.008646467630198036,0.006103548414238993,0.009695307793514834
CSD10,0.01250724941017129,-0.05091452942656466,0.013476768897092274,4.0734085023114375,0.00926915290115022,3.991729942364643,0.011500482419639047,3.209890233728442,0.006948654035637154,-1.0239262653710879,0.012824725962410381,0.5834874986621658,0.015325116443620848,3.1508425430844333,0.008233900289212033,4.839050091362998,0.013345316675986648,7.1337117845839435,0.0075288487880341565,-0.8723247022099444,0.012914961888284235,-1.2568972097779243,0.015060126711281844,3.1755559429697895,0.00854839996466851,4.8078507048121555,0.012400116206679333,5.141032899521164,0.007502508047251004,-1.3002631497655448,0.011844279262056808,0.14575532045257936,0.011910850786444016,3.287520603952135,0.008181370426474793,4.132050754333724,0.012444621105312397,3.1154649875158698,0.008157556281049179,1.3866855213682645,0.012672994072001561,0.33579979654121256,0.014355125179430966,3.4110019648265295,0.009248201341130498,3.6415206100062116,0.012446605456689842,3.929014426531191,0.006923207842815318,0.8793815391044495,0.011479110066800984,0.2735025579755658,0.013750868721784546,3.3746747938197736,0.010709151990359425,3.3771205636780595,0.012396194165956017,5.8941472060069655,0.006573922713399495,-0.8251050337530149,0.013473471790267765,0.492917397493981,0.012649342592263161,4.158643025953463,0.010767689515932124,4.768111158945673,0.013351339853597528,4.687989414842574,0.007192476310682153,1.5138495528387654,0.013015383421205739,0.23240772843508062,0.013250034296855985,3.4383446151579546,0.00941242272909315,3.9951719283865765,0.01300720089073765,4.107638982545553,0.006449834384257288,-1.7281364556868963,0.014102249827736344,-0.06968826933066306,0.013814728997365246,3.4109928707404027,0.009419222315977116,3.915261128829695,0.01251472109502857,3.6787418216413053,0.006494002298478141,-0.41618867461804815,0.011818601482489125,0.2919494561017426,0.013415042187643786,3.4979271366409637,0.009484048403589376,3.6271625017581814,0.010598693293559919,5.842063079080542,0.006755850523598836,-0.911611404952403,0.09783197471271757,3.4978911999456885,4.1095029384477915,4.6739694835997545,-0.329763907304546,0.012665302718342425,0.013700800481378266,0.009327355987758724,0.012400529116318695,0.007052686122520272
WCPM,0.010364115626803814,-0.46991688844002377,0.006256546391801229,-1.252107917866812,0.032749800863119696,-0.7558860885069036,0.01883596366933211,-1.4270267876652107,0.018641588180504494,1.5097050348588312,0.01089419683309732,-0.10605071311510639,0.005519861661164742,-1.3072498821874232,0.033715959827312195,-1.0118710619589766,0.020020872697976606,-1.6839783464508113,0.020544169536994665,1.0029650123936218,0.011394379596364905,-1.3061788187638383,0.005326040800870574,-1.2636464030216414,0.034425632750981296,-0.7868037645164634,0.0180599943291482,-0.7406487582718934,0.01822268238369875,1.7059792333320445,0.01086841647773205,-0.4820077310498134,0.0057665027108624554,-1.2128748604532662,0.033955027180002983,-1.0798097587515523,0.01959336827314594,0.08459655907491137,0.019155238036808225,1.1360153869917324,0.01058502629215346,-0.7616642038932583,0.0053115665803663776,-1.4539777226377761,0.030930705655346072,-0.6910369553738831,0.017366978617784728,-1.3341616363757254,0.0169514268594662,1.5019820092923428,0.0099616466125503,-0.9240717922186308,0.0058529844899701455,-1.5264737309905572,0.035223100530436216,-0.23033427558744787,0.018354296020903636,-1.6667314511948401,0.01639234900452233,0.9970082433799398,0.010596784095416428,-0.42756012651637293,0.005394499833507977,-1.0818024218919584,0.03488237651355418,-1.0787210268079273,0.018025157103174892,-1.2674579558192447,0.018307971506428353,0.32142749005004756,0.011258750293029909,-0.847229050611381,0.004792396588815234,-1.173995548831675,0.033277396789244316,-0.9944860685939263,0.018048269667540286,-0.8042778177961842,0.016716679189120898,1.0450366693765283,0.0103638009195238,-0.826501034898305,0.0053784478021282,-0.8732167374213144,0.03153093436681621,-0.5380821943254369,0.021281190378545773,-1.5886246255146024,0.016276345699323944,1.6549134064347466,0.010263758317820249,-0.3744973491769694,0.0054073473855519106,-0.932153883854344,0.03047983546020683,-0.7689775186482604,0.018328859322365602,-1.49597086359518,0.01885732575181164,0.7368447174080656,-0.65256777086837,-1.2077499109156768,-0.7936008713070779,-1.1924281683608782,1.16118772035179,0.010655087506449222,0.005500619424503883,0.03311707699370199,0.01879149500799178,0.01800657761486795
WPM,0.009696879786009938,-2.0907619878661166,0.017277090926537366,0.18709475940474457,0.012563514415458867,0.4256061922818348,0.009087399116411318,1.1521777929119428,0.01445148740507688,0.42998830517831066,0.008278656620038813,-1.3763185560929256,0.016463903758057355,0.17344963713454037,0.011133732043205924,0.7139998902126603,0.01056929364057123,1.446369509337406,0.014711112922001566,-0.5176503980162757,0.00981619532540084,-1.6997144204317232,0.01677269478981744,1.0339060952609231,0.010565278270553508,0.2587059476004171,0.009640184233096314,1.499818025106677,0.014397741955489294,0.8127949718807641,0.0078117305633706065,-1.7022112674766026,0.016023159831757748,-0.24874201339312185,0.011765357297512305,0.7511358005775395,0.009699050460227515,0.3187026816637598,0.01479999414751336,-0.5215439661055331,0.00907122673425345,-1.7499095322551694,0.014696245258101136,-0.2616768433389839,0.012343484977103619,0.9059252031099588,0.0097755250885131,0.902790535754264,0.015267534622859688,0.12714811652101543,0.009184491738526967,-1.1476579272520848,0.014745747038440945,-0.4609338389526174,0.01266830604932447,-0.011698159509790584,0.009982129776723737,1.870846549530486,0.015425174369969825,-0.34463194869091907,0.00912263914696277,-1.5880794548634134,0.016372321166738948,0.3359069136796882,0.01056256646976001,1.3163410924874168,0.008811484006474421,1.1260574141223565,0.013852557849292608,-0.342513804564233,0.008622442216398938,-1.9775330021255866,0.016777048736887415,-0.29487547250081036,0.012661758654310136,0.9012359431173419,0.010826435586469984,0.48575492490328287,0.013912995601582524,0.1038506724720154,0.009098028513770576,-1.7174994315462047,0.014853217749565321,0.07247234926718038,0.011887089868502763,0.26888907232827,0.009811748963901143,1.3470141578578212,0.014486096839542108,-0.5360577020087258,0.008552368808986152,-1.4159428195917636,0.015575773512865838,0.1771081983776942,0.010342529846343417,0.4382544445000458,0.009638430371903518,0.9604706236022975,0.015474996353596532,-0.7492937987307725,-1.646562839950159,0.07137097849392375,0.5968395426705694,1.1110002214790293,-0.15379095520643538,0.008925465945371905,0.01595572027687695,0.0116493617892075,0.00978416812442923,0.01467796920669244
GOLD%,0.009365073043527202,-1.4548063361136658,0.017298767095821305,-10.72445082313908,0.01587904680240096,-6.393476777577803,0.006777977957759045,-12.543334144587647,0.018315753846938627,-8.095353133336337,0.008478240199432458,-0.583084340769331,0.015815276729109706,-10.946989093455334,0.015942378450739,-7.522995376141651,0.007944767301209476,-14.68426611062593,0.018168055007618672,-10.446595186724116,0.007556061444728855,-1.4258077752310538,0.017692202142127026,-11.004380825992534,0.016243900695366475,-8.183449019932166,0.007201304750252768,-11.55474707097206,0.019415238491791748,-6.3220700636477405,0.006827385280939298,-0.5237759090186623,0.017880788670138557,-11.124486018059928,0.01794263771787101,-7.583758457314699,0.007602986547072201,-14.101582739769375,0.019128299743288783,-10.888149913106545,0.008086347686067854,-1.5705725168391296,0.018065647951443536,-12.434860643292225,0.017973346738241466,-5.352340954300577,0.007778738001315987,-14.814417779867837,0.018953731840888555,-10.053778044343376,0.008174621316338027,-2.2913141174985547,0.017668968579413424,-9.961572497221955,0.016049895493368074,-6.011902531929061,0.007123657153725514,-13.20280094697867,0.017641534464891733,-8.63176238031511,0.008272915755860935,-0.26761241858910134,0.016606472348262263,-9.098628419097896,0.018633481114854286,-8.207736427224129,0.007367783565924348,-14.163650731011582,0.017621958163074502,-7.368648368169384,0.008662421337479678,-3.3054838716379877,0.01809466656424983,-11.061235251156598,0.016270180278468577,-6.125495542872605,0.0066715500750854076,-14.087418206047436,0.017667857722790475,-9.936237217051346,0.00803367123379623,-1.4152435210986374,0.016721097720353476,-12.457797783445526,0.01786422462193261,-4.142592106444387,0.008316948713755273,-12.502977012217775,0.017026615528409828,-11.056860047718454,0.00824837562946724,-2.5821708913526575,0.014586808178091944,-10.42193089957138,0.016261864196951782,-7.164812305147756,0.007638651871268485,-15.040917886809613,0.01985226061784017,-9.506247611473096,-1.541987169814878,-10.923633225443245,-6.668855949888484,-13.669611262888793,-9.23057019658855,0.008170511292763777,0.017043069597901105,0.016906095611019422,0.007442436593736851,0.01837913054275331
D%P15,0.009325927103265054,-2.3115138998541136,0.008119695596335009,-1.2790366011818666,0.018278178247320965,3.951871123177019,0.01938258913606021,0.20150880592937148,0.005863700709024125,1.5176783872506958,0.009340766242858574,-1.50927861320987,0.008252223117251933,-0.795599818148965,0.019585204917223698,1.2475771716558892,0.018538839857128214,0.13385696762448054,0.006640235694327293,3.668350300430373,0.008497377928833568,-2.38497807511776,0.008912048146858968,-0.6020092594268796,0.019325878944670246,1.3180446522612703,0.019222995618668363,0.5042337003662696,0.006770731922435668,0.4654175410279027,0.009246785746467916,-0.6436851614231154,0.008412113883158427,-1.1785652161410012,0.01705861195474628,2.6223468183792997,0.01880627754093163,-0.6321849320246411,0.0060687360094723065,0.768987964208303,0.008957983993926676,-1.4173500366353653,0.009015817809174008,-0.3362136869633695,0.01834487801487898,2.628185282574866,0.0204760422095853,0.6168453850010418,0.0065267435350016495,1.1520511234129336,0.008841383482375887,-2.222594410205687,0.008673504060641081,-1.3665856633099696,0.019375568323483007,1.791131313684461,0.018169951671866105,0.7200233610638287,0.007040539059080778,2.229945108211563,0.008937795350348878,-1.3416435139368006,0.008636945627996603,-0.5590524486944318,0.01879197201759979,2.806813783473163,0.019510242356147043,-0.04474063069179266,0.006588586117139616,0.43272537932778105,0.009296408879045858,0.08291421026028978,0.009428480978845728,-1.5674558861255417,0.01905600299501581,2.011453342205165,0.01882218247265444,-1.1208660957819656,0.0066928259840855105,3.7412272754739013,0.009264291804336775,-1.98619072075147,0.007794836083964456,-1.3730029532833459,0.01725774438099148,0.22737233716159538,0.018985363845123986,0.5425488345250155,0.00614816255366537,2.0242971300222496,0.008538052086250712,-1.213735844944964,0.008557815163951222,-0.643988251089164,0.01828693073193096,0.8978053999973954,0.01862250360456954,-0.334493092706695,0.006257163918458432,3.763228650659127,-1.4948056065818853,-0.9701509784364534,1.9502601224570122,0.05867323033049132,1.976390886002483,0.009024677261770989,0.008580348046817744,0.018536097052786124,0.01905369883127348,0.006459742550269076
DPM,0.009018212412133925,5.575981237454028,0.027940713725233234,-3.9210455963677835,0.01307636671546167,1.0631698961995184,0.007021531441190215,-1.0936939109428134,0.12090809472776044,1.095779902637831,0.010034939893908997,3.333384177715674,0.03316326723757606,-3.826966205670264,0.014347638514308222,0.4703095093817995,0.008340134432172124,-2.3585394283623713,0.1050064151953077,0.8274925589922272,0.010338760981698636,4.979472716628141,0.027806598626754584,-3.9647887635496963,0.011295390701282234,0.4082311338706623,0.00911402841795914,0.26723593442241805,0.11132869987467058,1.7237461726879653,0.013859498435486664,4.774071762099933,0.03466025707207165,-3.283795505389593,0.013362903885732276,0.6790225724000574,0.007078747866565338,0.3660313389144107,0.09780920979732532,0.6994599948703648,0.010015483850553031,5.153583777429595,0.02430182600043376,-3.5779114335981554,0.011035586729356197,0.5200039353599015,0.007970137241722094,-1.4141615322919825,0.11499436161098106,1.787334145972047,0.010928952827228026,4.573641412288722,0.03351766785256059,-3.3279443199770995,0.011176947990307023,2.19987185984345,0.008470389293053843,0.18965760557106454,0.12099795522688155,0.674116590224875,0.011516074567817246,5.314754801318888,0.02625659169612274,-4.380840430446117,0.01199093602419555,1.3405573396914072,0.008892700716505301,-0.6192819762190697,0.12175251986584136,1.1229517070230046,0.009325059019728795,5.071194544529866,0.026884417974395745,-3.05121484016901,0.013898678468263013,1.0523419512188017,0.008248718991686554,-1.522263236764603,0.11571823808379574,0.8853892990890946,0.007954177251119417,5.200740918013687,0.024215274340774844,-3.255275074171167,0.012603601193136384,1.4132789409702862,0.00806533076761561,-0.9805206951784148,0.11457821405593019,0.7247197895606898,0.009965261983311276,4.534734485487829,0.02930273838717195,-3.097885765490955,0.01154003984804082,0.36107306457656596,0.006840704531246335,-0.40993547955307885,0.11606927108600325,0.7536291622264047,4.851155983296637,-3.5687667934829848,0.9507860203512448,-0.757547138040444,1.0294619323284504,0.0102956421222986,0.02880493529130952,0.01243280900700834,0.008004242369971656,0.1139162979524497
FB%,0.007517188706687838,-1.9937362218628158,0.01005141642956963,-0.7775522542020871,0.015763453838858524,2.025122520446267,0.012915104771908282,1.3276680699315793,0.007795776121715871,-1.2303849184798559,0.008310225141818147,-1.3802047395385606,0.009594828139794705,-1.0768708244918928,0.015813063474565108,1.582116386311039,0.010858864341765181,1.6185619537544147,0.005343997509524925,0.08844896063593223,0.009463758176387387,-2.0899154614782325,0.008971437693690666,-0.5856630899491967,0.01638594901710392,1.8182154325455244,0.01107172748458129,1.1827577589997946,0.007455197950719446,-0.8881303466649099,0.008515130834400806,-1.6178399259594392,0.008998537719274247,-0.9869413727562223,0.014631465748158322,1.4701581756742448,0.011201443845519958,0.9011639479025986,0.006403886846055901,0.2665876421362235,0.009503536368105539,-1.4336078136407395,0.00869437324367447,-0.2966043705318057,0.016228490471619023,0.7671343756544015,0.01170095814690806,0.2588403648730299,0.006962672796102847,-0.29723392993831016,0.00805098115888275,-1.4616513206326274,0.008598629078311932,-0.3597853142643906,0.015618141650012903,2.561157221392073,0.01151883436342538,0.27162049123127135,0.006398988593602646,-0.7995029229003449,0.007921076354808343,-1.7733756266048684,0.008150089988312122,-0.2291135136987702,0.017028068310191807,2.3120432270274875,0.011846224616644889,1.5075151471730817,0.007248962662536051,-0.30946126804892526,0.009017985297931169,-2.2068710814433015,0.008817176866028287,-0.6260898758302375,0.01678936730632403,1.5192606195183005,0.01148099356825398,0.34015810496503884,0.00610709879333583,-0.8744009428196521,0.007985487692119342,-1.0335023204567326,0.010667854927331947,-1.1865751662883814,0.015089052439266198,1.0849524045126235,0.011289839220356932,1.6353685184049764,0.006709462488725231,0.36686669716273845,0.008342365173142326,-1.381636274555881,0.010105251250796799,-0.5796626296432172,0.015443366676476956,1.0790938280533409,0.011149108397493784,2.075926839037928,0.00663775502912393,-0.3408647279473209,-1.6372340786173196,-0.6704858411656203,1.6219254191135302,1.1119581196273711,-0.4018075756864425,0.008462773490428364,0.00926495953367848,0.01587904189325768,0.011503309875685774,0.006706379879144268
GD10,0.007089056961971934,-0.9331468007373229,0.03541853063863379,-2.1779261164438632,0.184306367653015,-4.725611684618427,0.0768320284220784,-2.6390546752919213,0.007276780135032917,-1.6172816838174011,0.006799560401644732,-1.7508670329496119,0.03857985676830992,-1.15423477892925,0.1853284714298881,-6.335394316540485,0.06851606955660754,-1.4245376020440506,0.007842939497362346,-1.0695070865918208,0.007721413276652099,-2.168272038578317,0.03431522131173974,-1.011879038582145,0.1903172731210412,-6.253574705108902,0.0638266635977572,-3.644983191373938,0.008343903276908024,-1.107082839209817,0.007906362838143744,-0.4600028397180366,0.03666446833092934,-1.3781091079064596,0.1766395681047913,-5.935088472025892,0.06063719448588001,-3.242284998535604,0.00729918382239693,-2.9511604790544705,0.006819070596120108,-1.0051879324845565,0.04000096217398465,-1.2109826513763762,0.1895672671912318,-4.471619945513069,0.0657270656108487,-1.1438733790482647,0.007402525695741965,-2.173331321655285,0.008002798318081377,-0.2874656740862412,0.03460779379913079,-1.6331609666896119,0.1997023365125881,-3.5302359231388327,0.06829304935149005,0.7237633185378973,0.007528318059234692,-0.7794951513388164,0.007095163608387049,-0.8131085430680187,0.03880594096583433,-1.432929410761545,0.16244060929694898,-6.485941270229335,0.06227332737173275,-1.9447415373163883,0.006963038531536714,-3.8585560986287395,0.007533552322304257,0.10362566335797188,0.03781344045042609,-1.4048581139494032,0.16900817713559163,-5.145316393841629,0.07027556989870211,-2.4821813309715726,0.007203905768900403,1.4363962236386134,0.006746046123415331,-1.4119894308164702,0.03780977512158155,-1.0084574861552198,0.17506536985225782,-5.725119429908934,0.069130774975478,-2.4831788970912085,0.006307024785110028,-1.3409911783418076,0.007036911268205004,-1.3188071654036726,0.03907880267936512,-1.702354786108957,0.18891956266122087,-4.927095458289866,0.06245213391567188,-2.5361878110364553,0.007736627665919505,-0.974792101331137,-1.0045221794484276,-1.4114892456902832,-5.3534997599215375,-2.0817260104171504,-1.443580171633068,0.007274993571492564,0.03730947922399354,0.18212950029585745,0.06679638771862466,0.0073904247238143535
DTH%,0.0065905921142606376,9.134521485467548,0.00636408388272113,4.741088744763513,0.009107586825044823,6.6855757435420395,0.009563849804884398,5.39283113821002,0.009148412886746653,6.219964762607291,0.0075637524897255795,11.531541842503268,0.0061162457016750915,4.88009700749756,0.00873904657461176,6.267619728196012,0.008302744140171616,6.332987029066531,0.0095364763260608,7.137688496197758,0.007292934432565707,8.46489205937138,0.005788715924444698,3.9598226982633355,0.009611550156893555,6.752983783183117,0.010844530594397056,6.506497201283094,0.009689062778061617,7.7801488355847,0.006943243818240294,8.145053728314258,0.0064622246422310296,4.961761947783108,0.009428283523714859,6.001206707501559,0.009572553142183502,5.45541882771778,0.009817921899979093,7.409268281963683,0.00785374647576454,9.13433400077299,0.005935820775608436,4.960547643411293,0.010256891630926175,7.455659734725415,0.009764335380410542,5.641987510079506,0.008651726756226153,6.583350410715342,0.006729182722971012,8.578971633338853,0.006213141217491012,4.694302118016122,0.009709288033123788,6.768953514307135,0.009934032975846429,6.346234258057103,0.008560872840359769,7.105843496534171,0.006952062005095382,9.328021751883323,0.006579765462868544,4.902428072864191,0.008578237351813012,5.915660128412778,0.010174873615816602,5.996532406017542,0.009310417525198135,7.0352965540325165,0.007406713031042015,9.645779863324607,0.006095457670148302,4.964199356659802,0.010786875453464826,6.64616044292683,0.0097545270068649,6.272692512383771,0.008843869483544407,7.331599533428022,0.007457052246370707,8.832881131431641,0.0060029060386775175,4.983050938655988,0.009466563832086106,6.421076794004391,0.01034257873653547,6.117659488741633,0.0106896396561044,5.964285317496981,0.006099132705440439,8.012086606670033,0.00569014862844897,4.693785377348316,0.009836546533704247,6.577971460811317,0.008719732202162963,6.121382134788298,0.010151297155845198,6.690014696389167,9.08080841030779,4.774108390526322,6.549286803761059,6.0184222506345275,6.925746038494962,0.0070888412041476305,0.006124850994431473,0.009552086991538315,0.009697375759927346,0.009439969730812622
CS%P15,0.006570171079388645,-1.91302866681261,0.008804165456484358,-0.24916040768996092,0.010277573984249213,0.2401379740967897,0.027102207129123347,3.0203845852295066,0.008105965948674427,1.5735083441042066,0.007943184988073268,0.14900104009678158,0.007992116067613275,-2.1582932074229455,0.01120478083166085,0.2374121904625235,0.02602710784096733,3.5502384232976687,0.007704654443845712,2.8524620654309056,0.006978039737952994,-1.1346582222229868,0.009197301415453302,-2.7251523757548544,0.010196231591831636,1.616743052897116,0.026533365707254834,1.2244582105594792,0.008961168877052466,1.3788104183978267,0.007652442834530359,-1.5962544427304404,0.009211551471720114,-2.326329891454401,0.009799557087578856,-0.2544753972159151,0.029111823824776714,1.9944372518114388,0.007502635294604577,3.7409141881291785,0.006841101334252522,-0.4437360204758592,0.008722190596956926,-1.0917119106585773,0.009615765198224348,0.5383078542167069,0.02515475170017664,4.620602889077676,0.008747729681220095,2.848555782922267,0.006374315641010941,0.011027421310056797,0.009164564343924205,-3.2442624734828245,0.01012924016818042,0.9293606674848991,0.02596603075940581,3.396025026978318,0.00826388424670584,2.566933059111403,0.0065077243912917805,-3.8877753790172647,0.0080081286919932,-0.8621971491985029,0.010983682364309782,0.05745600510936276,0.028243923096800693,2.93655121326142,0.007458930550109752,0.657313243950767,0.006696540695830417,0.2729535856870041,0.007671256022962299,-1.4455438112265764,0.011176256258550172,0.672818380984386,0.024570784075641415,3.640468161546279,0.00892246458605027,2.5986903819731415,0.007788107015281205,-0.905943713821369,0.009058842914082923,-2.1870032004828728,0.009667794001570931,-0.5058439049938125,0.028053219130899063,2.12581126460748,0.007536183260560916,3.4115609145979113,0.007338304711003675,-2.113847276422381,0.008810189701957617,-2.188019365056533,0.010475066012279651,-0.3579359263660297,0.02634891383715862,3.493919386176057,0.008540630749011999,2.613244677204808,-1.156226167440907,-1.8477673792428049,0.31739808966760263,3.0002896412545326,2.4241993075822412,0.007068993242861581,0.008664030668314822,0.010352594749843586,0.026711212710220443,0.008174424763783607
XPD10,0.005537737718368212,-1.2346167423868624,0.0065302428220065335,-2.1155290990449,0.013874155078398204,0.5090719495295027,0.03212660066065433,-3.411006389234239,0.007785327619922633,1.1863797335528006,0.005905124513073016,-1.515745518579838,0.007473233017475362,-2.4841263431562988,0.016432390062167075,0.7102975073397828,0.035462568143031795,-8.41828379737213,0.008081787733707104,0.4643836723042184,0.00528748830458782,-0.7710661581928187,0.006832762252924755,-2.9206954364562576,0.016568936719560175,0.6937583573451674,0.028444124318811288,-5.392429576078744,0.0076774023571027335,0.449960557334424,0.005832320136363172,-1.8402794677605958,0.007424897244130118,-1.9286951835705595,0.016789001449156567,0.937640197257981,0.03210352654032899,-4.575809058101504,0.009784449009773611,-0.3733148998741281,0.0062453320192143,-1.4279498965900115,0.006830607406177458,-1.5303037614248138,0.01464700519838986,1.101623203967233,0.03787058970086071,-5.278706349555356,0.007568556687999687,0.17474145539307315,0.005833244943578166,-0.8408226841301599,0.0072112046759468,-1.7279358961481137,0.013159140122370403,-0.8602898698271623,0.030568702424106527,-8.927679828456265,0.007974134687818433,0.49878147725112476,0.006327343401695533,-1.5881982636536547,0.00784278744548029,-2.043859994300824,0.01620834162232283,1.1735457354865357,0.03756211069523838,-5.262430136596294,0.009217529082199402,0.07893661916717057,0.005755607917085256,-2.067210748376375,0.007226570452705197,-2.1796209753712916,0.016381165480938265,0.9917596606053045,0.02802836509318321,-4.913372743940876,0.007532371980070316,-0.32424186800909344,0.005764968286010531,-0.8200871682590797,0.00771256059663222,-2.5417137289907408,0.01551356545168101,0.622711598036815,0.03042059064681228,-4.353899574350983,0.007639342483825779,0.5000374679185737,0.005952272692672221,-1.2969613056113654,0.008021311871629536,-2.4873366616232384,0.015205090039554526,0.9041277800513596,0.02774548071390374,-6.936237002097501,0.00882311187096105,0.43640355742106235,-1.3402937953540763,-2.195981708008704,0.6784246119792521,-5.746985445578389,0.30920677724592266,0.005844143993264822,0.007310617778510826,0.015477879122453894,0.03203326589369313,0.008208401351338076
CWPM,0.005416826952028721,1.4697665946424134,0.009680006120494829,0.9825470108782297,0.011339630944038632,-0.5177791392682036,0.005366573612797497,-1.4474534272561606,0.012648159336859487,-0.7549793272960146,0.006871015221225068,-0.46828220130143766,0.009747449974093478,0.9484214640519546,0.00956210752398078,-0.2644091905949213,0.00624033028273987,-1.6046547030618963,0.012755346462742187,0.035449701951977275,0.006154811441291835,1.3206193258696848,0.00854252630806189,1.123468445296073,0.011839475809691613,-0.08947407888426095,0.00479439729793071,-1.825560562776369,0.013554424545894943,-1.2269156980305846,0.006892403938491159,0.6645588002253289,0.00878205245306301,0.8951818572153942,0.012004573763102462,-0.5153848512692938,0.0059620853997177144,-1.4406334359058524,0.012833109886588636,-0.591330543715309,0.006285150434277727,1.2187515055859566,0.008972953257995627,0.92938300406056,0.010216337153088872,-0.8443861619840964,0.0063815875415369995,-0.9518039737540449,0.01318879660816112,-0.16442942447602604,0.00566148178068027,0.5927617747541448,0.009046766634703706,1.5924767530136479,0.010495449658916313,-0.8539070700008696,0.005543761455654529,-2.695453373747099,0.013262359407920876,-0.2591817326463092,0.006470941437723612,0.7741235948293907,0.010444032344295296,0.33449364040464813,0.00885934039093529,-0.18771679928767893,0.0057763643659363715,-1.5167174294028003,0.011830372783660694,0.3353156770171191,0.00642149029064764,0.5435680745187013,0.009274918180564756,1.3934961835645845,0.010476584012280795,-0.6954052629977383,0.005110927895189506,-1.090488013937782,0.013403105959265795,0.019107726496870703,0.006048417060563883,1.1963789687666477,0.008639850323429486,0.7697518546841411,0.00999260618809304,0.17888989905241603,0.005574490708920861,-1.539440772934631,0.0133436768409749,-0.19172130214390382,0.006880999852219805,0.9009909236668624,0.009266011689929554,0.834789654338923,0.010985892824681645,-0.09238002896821795,0.005613692915392481,-1.198124102237976,0.012278737539459125,0.18025203620923436,0.8213237361557691,0.9804009867508157,-0.3881952684202865,-1.531032979501461,-0.2618432886632946,0.0063103538409149725,0.00923965672866316,0.010577199826880945,0.0056364211475816535,0.012909808937152776
DMG%,0.0052383438621595845,-4.6553799881147,0.008033574677123357,4.584516488853155,0.01474685382865921,-2.5632960555028,0.007093154317778334,-1.1164793360453602,0.010016442702365241,-1.4001496510393294,0.005915922273055338,-2.974913999563101,0.00885378828951329,3.8997802839092457,0.014550201962796354,-0.027105569083587636,0.006440697567747878,-0.5340211883164294,0.009236816340022283,-2.484319455471796,0.006484669267492534,-4.424315806694887,0.007814881115553493,4.604087687832609,0.014666979277105242,-0.21722938582505888,0.007386068859943593,-3.2221978540175935,0.008512879530939405,-0.8434324953507222,0.005924798910111237,-5.7494477481087785,0.008226813084665092,4.089392150855357,0.01349933048881445,-1.8009123543228882,0.006506130981234387,-2.4682043415028607,0.00885773189343939,0.13353591874433887,0.006232781212117426,-5.253686552771212,0.008509729890938632,3.1478066889913863,0.013624179161764994,-1.805189818451029,0.006844950532524128,-0.42088653209976196,0.009495519060425827,-1.0379429013246895,0.006027146229342871,-3.8335085295900964,0.008616093000883084,4.225030578086088,0.014735750297791094,-2.160108336161133,0.007072403112092288,-2.8708470678942453,0.009524396214579383,-1.7972910158422897,0.005796316550651904,-4.614919853815813,0.008694618625733638,3.856814329738759,0.014874401906673825,-1.5491000328396287,0.007970308748611321,-1.6252592894689049,0.009063985627885214,0.6294641297083482,0.005830815987134223,-6.339248224381684,0.007959125499551344,4.410642059228641,0.013994878811868812,-1.51378132867036,0.0071290418473442686,0.2578623356442866,0.009424504444850521,-2.844216972435221,0.005453284024606572,-4.093811952878299,0.00975111775535663,3.973439502182069,0.014981111062552328,-0.5408986275264883,0.006724706172792798,-2.4534210776869614,0.010153300910062942,-0.7674086918400772,0.005238193875839525,-4.0512822064678105,0.007906188125229323,3.0138238248883127,0.014629928688111216,-0.0045841529597394825,0.005948926287496056,-1.0280082469807867,0.009720310223127138,-2.5749870915161144,-4.599051486238638,3.9805333594565626,-1.2182205661342713,-1.5481462598368618,-1.298674822636755,0.005814227219251121,0.008436593006454789,0.01443036154861375,0.0069116388427565055,0.009400588694769734
CSPM,0.004289495345969233,-1.216344154125463,0.007321111921312128,-2.611564784361675,0.006243579851647176,-6.405026037016533,0.02255876257290234,-0.9234280975492128,0.010350928566421131,-2.993558253482657,0.003715609232632393,-2.8557701464510368,0.006462928934032938,-0.04638058666023969,0.006060896198808527,-6.44296356272854,0.021516185330981336,-0.4797377285155598,0.009993656269704883,-3.711905086202712,0.004144191408972261,-0.5248768446903269,0.007478290701070832,3.813979967218982,0.0065961931481824535,-7.788284932583161,0.02586274818974816,0.4989365784473526,0.009565609779586481,-0.8696862464349558,0.004349837574803452,-1.903113857123915,0.008022469211506632,-0.3010645033383556,0.005641166081630308,-4.159315017733406,0.021055870723602488,0.12969155409807412,0.009870953909163352,-4.679976196682181,0.004232718539141279,-2.5091264405312192,0.006312585103099542,-1.5704671321933275,0.006064510838299398,-8.956794062314946,0.019981630500630836,-1.5401553657659104,0.00866460162738956,-2.6647063644564373,0.004072051282268725,-2.458969125965343,0.007616474827454042,-1.5045629114750574,0.0065767950121021915,-7.374417243859905,0.020256680767360154,-2.0947678164531967,0.01022722769994182,-2.671992077503485,0.004389026764210504,-0.05119543138887009,0.006631523829240194,-1.7460304563754754,0.006631929131883126,-4.966942418281771,0.01898854449470965,-0.5096122524087087,0.009972485344522474,-0.9996710796138034,0.0039904309511095155,-3.17616626019266,0.007384706093042493,-1.7149706491162326,0.006383416531231093,-8.72891594614158,0.024201170971411876,-1.4798287908215173,0.00978190588560109,-2.653104577070936,0.0039909133183761965,-1.6814156804946114,0.007027159792296083,0.013168483360053558,0.006629189717761832,-5.378351937246935,0.01761776526097348,0.4243358375849936,0.010482298864061903,-3.3079542084585785,0.004658807087081488,-1.0992074799099874,0.006470731406039847,-1.3527884278664746,0.005547520747264496,-4.920635544280963,0.022867955055292148,-0.35566639621069024,0.009184941287165793,-3.7648873055163596,-1.7476185420873436,-0.7020681000807801,-6.512164670218775,-0.6330232477594376,-2.8317441395422103,0.004183308150456505,0.0070727981819094735,0.00623751972588106,0.021490731386761247,0.009809460923355847
